{"paths": {"floppyforms/openlayers/theme/default/img/zoom-panel-NOALPHA.png": "floppyforms/openlayers/theme/default/img/zoom-panel-NOALPHA.56e7770139d9.png", "floppyforms/openlayers/theme/default/img/pan-panel-NOALPHA.png": "floppyforms/openlayers/theme/default/img/pan-panel-NOALPHA.89d2ff519a28.png", "floppyforms/openlayers/theme/default/img/blank.gif": "floppyforms/openlayers/theme/default/img/blank.accba0b69f35.gif", "floppyforms/openlayers/theme/default/img/overview_replacement.gif": "floppyforms/openlayers/theme/default/img/overview_replacement.287e6e65fa94.gif", "floppyforms/openlayers/theme/default/img/navigation_history.png": "floppyforms/openlayers/theme/default/img/navigation_history.4b8e821f25c2.png", "floppyforms/openlayers/theme/default/img/save_features_on.png": "floppyforms/openlayers/theme/default/img/save_features_on.19ee21c23adb.png", "floppyforms/openlayers/theme/default/img/save_features_off.png": "floppyforms/openlayers/theme/default/img/save_features_off.32c5d0396556.png", "floppyforms/openlayers/theme/default/img/pan-panel.png": "floppyforms/openlayers/theme/default/img/pan-panel.34507bf844c1.png", "floppyforms/openlayers/theme/default/img/zoom-panel.png": "floppyforms/openlayers/theme/default/img/zoom-panel.7afd114eb450.png", "floppyforms/openlayers/theme/default/img/close.gif": "floppyforms/openlayers/theme/default/img/close.47bed3771e76.gif", "floppyforms/openlayers/theme/default/img/editing_tool_bar.png": "floppyforms/openlayers/theme/default/img/editing_tool_bar.326a1b7f698e.png", "bootstrap/fonts/glyphicons-halflings-regular.eot": "bootstrap/fonts/glyphicons-halflings-regular.aa16cd35628e.eot", "bootstrap/fonts/glyphicons-halflings-regular.woff": "bootstrap/fonts/glyphicons-halflings-regular.5eae1f7217b6.woff", "bootstrap/fonts/glyphicons-halflings-regular.ttf": "bootstrap/fonts/glyphicons-halflings-regular.47da44498fc0.ttf", "bootstrap/fonts/glyphicons-halflings-regular.svg": "bootstrap/fonts/glyphicons-halflings-regular.683eaa4b54a3.svg", "admin/img/nav-bg.gif": "admin/img/nav-bg.5dadb8cd9865.gif", "admin/img/nav-bg-selected.gif": "admin/img/nav-bg-selected.4ebddc881b37.gif", "admin/img/nav-bg-reverse.gif": "admin/img/nav-bg-reverse.bd4701ff1aeb.gif", "admin/img/sorting-icons.gif": "admin/img/sorting-icons.2a27f8855e6b.gif", "admin/img/nav-bg-grabber.gif": "admin/img/nav-bg-grabber.45d7c744bbe8.gif", "admin/img/default-bg.gif": "admin/img/default-bg.af816e70c828.gif", "admin/img/default-bg-reverse.gif": "admin/img/default-bg-reverse.2c9949b0bac0.gif", "admin/img/icon_success.gif": "admin/img/icon_success.08e6b9d922e1.gif", "admin/img/icon_alert.gif": "admin/img/icon_alert.572a03fff47e.gif", "admin/img/icon_error.gif": "admin/img/icon_error.d0272cd88394.gif", "admin/img/icon_addlink.gif": "admin/img/icon_addlink.27872b1581c4.gif", "admin/img/icon_changelink.gif": "admin/img/icon_changelink.76183412227f.gif", "admin/img/icon_deletelink.gif": "admin/img/icon_deletelink.b797f0120322.gif", "admin/img/tooltag-arrowright.png": "admin/img/tooltag-arrowright.5aa2c86314d7.png", "admin/img/tooltag-add.png": "admin/img/tooltag-add.2152fd3b4a4d.png", "admin/img/changelist-bg.gif": "admin/img/changelist-bg.eaa563daae2a.gif", "admin/css/widgets.css": "admin/css/widgets.2753875e2781.css", "admin/img/selector-search.gif": "admin/img/selector-search.a5de786630be.gif", "admin/img/inline-delete-8bit.png": "admin/img/inline-delete-8bit.1c135ffae5f0.png", "admin/img/changelist-bg_rtl.gif": "admin/img/changelist-bg_rtl.db38ab536edc.gif", "admin/img/selector-icons.gif": "admin/img/selector-icons.4549da0d5c7f.gif", "admin/img/deleted-overlay.gif": "admin/img/deleted-overlay.1cd28ce73d7d.gif", "admin/img/inline-restore.png": "admin/img/inline-restore.a14579a2580f.png", "admin/img/inline-delete.png": "admin/img/inline-delete.4df86317f5c4.png", "admin/img/inline-splitter-bg.gif": "admin/img/inline-splitter-bg.3d67b08b4771.gif", "rest_framework/img/grid.png": "rest_framework/img/grid.a4b938cf382b.png", "rest_framework/fonts/glyphicons-halflings-regular.eot": "rest_framework/fonts/glyphicons-halflings-regular.f4769f9bdb74.eot", "rest_framework/fonts/glyphicons-halflings-regular.woff2": "rest_framework/fonts/glyphicons-halflings-regular.448c34a56d69.woff2", "rest_framework/fonts/glyphicons-halflings-regular.woff": "rest_framework/fonts/glyphicons-halflings-regular.fa2772327f55.woff", "rest_framework/fonts/glyphicons-halflings-regular.ttf": "rest_framework/fonts/glyphicons-halflings-regular.e18bbf611f2a.ttf", "rest_framework/fonts/glyphicons-halflings-regular.svg": "rest_framework/fonts/glyphicons-halflings-regular.89889688147b.svg", "floppyforms\\openlayers\\theme\\default\\img\\add_point_off.png": "floppyforms/openlayers/theme/default/img/add_point_off.8c31e3804f99.png", "floppyforms\\openlayers\\theme\\default\\img\\add_point_on.png": "floppyforms/openlayers/theme/default/img/add_point_on.7d8c8713c69c.png", "floppyforms\\openlayers\\theme\\default\\img\\blank.gif": "floppyforms/openlayers/theme/default/img/blank.accba0b69f35.gif", "floppyforms\\openlayers\\theme\\default\\img\\close.gif": "floppyforms/openlayers/theme/default/img/close.47bed3771e76.gif", "floppyforms\\openlayers\\theme\\default\\img\\drag-rectangle-off.png": "floppyforms/openlayers/theme/default/img/drag-rectangle-off.5cf60da0397c.png", "floppyforms\\openlayers\\theme\\default\\img\\drag-rectangle-on.png": "floppyforms/openlayers/theme/default/img/drag-rectangle-on.500c9de670c9.png", "floppyforms\\openlayers\\theme\\default\\img\\draw_line_off.png": "floppyforms/openlayers/theme/default/img/draw_line_off.4cf10c1c8ac9.png", "floppyforms\\openlayers\\theme\\default\\img\\draw_line_on.png": "floppyforms/openlayers/theme/default/img/draw_line_on.2e1052ec2a0f.png", "floppyforms\\openlayers\\theme\\default\\img\\draw_point_off.png": "floppyforms/openlayers/theme/default/img/draw_point_off.ac8ee9a75c70.png", "floppyforms\\openlayers\\theme\\default\\img\\draw_point_on.png": "floppyforms/openlayers/theme/default/img/draw_point_on.a36c93ca0d03.png", "floppyforms\\openlayers\\theme\\default\\img\\draw_polygon_off.png": "floppyforms/openlayers/theme/default/img/draw_polygon_off.e1aa48966666.png", "floppyforms\\openlayers\\theme\\default\\img\\draw_polygon_on.png": "floppyforms/openlayers/theme/default/img/draw_polygon_on.a8cc98986b2e.png", "floppyforms\\openlayers\\theme\\default\\img\\editing_tool_bar.png": "floppyforms/openlayers/theme/default/img/editing_tool_bar.326a1b7f698e.png", "floppyforms\\openlayers\\theme\\default\\img\\move_feature_off.png": "floppyforms/openlayers/theme/default/img/move_feature_off.5cb79d02ad66.png", "floppyforms\\openlayers\\theme\\default\\img\\move_feature_on.png": "floppyforms/openlayers/theme/default/img/move_feature_on.abed81dd34c9.png", "floppyforms\\openlayers\\theme\\default\\img\\navigation_history.png": "floppyforms/openlayers/theme/default/img/navigation_history.4b8e821f25c2.png", "floppyforms\\openlayers\\theme\\default\\img\\overview_replacement.gif": "floppyforms/openlayers/theme/default/img/overview_replacement.287e6e65fa94.gif", "floppyforms\\openlayers\\theme\\default\\img\\pan-panel-NOALPHA.png": "floppyforms/openlayers/theme/default/img/pan-panel-NOALPHA.89d2ff519a28.png", "floppyforms\\openlayers\\theme\\default\\img\\pan-panel.png": "floppyforms/openlayers/theme/default/img/pan-panel.34507bf844c1.png", "floppyforms\\openlayers\\theme\\default\\img\\panning-hand-off.png": "floppyforms/openlayers/theme/default/img/panning-hand-off.53a3c059f818.png", "floppyforms\\openlayers\\theme\\default\\img\\panning-hand-on.png": "floppyforms/openlayers/theme/default/img/panning-hand-on.b6ee44f31b6f.png", "floppyforms\\openlayers\\theme\\default\\img\\pan_off.png": "floppyforms/openlayers/theme/default/img/pan_off.0e73ed9ec3ee.png", "floppyforms\\openlayers\\theme\\default\\img\\pan_on.png": "floppyforms/openlayers/theme/default/img/pan_on.68b0066e3854.png", "floppyforms\\openlayers\\theme\\default\\img\\remove_point_off.png": "floppyforms/openlayers/theme/default/img/remove_point_off.7878ef81696c.png", "floppyforms\\openlayers\\theme\\default\\img\\remove_point_on.png": "floppyforms/openlayers/theme/default/img/remove_point_on.94c9e2975d00.png", "floppyforms\\openlayers\\theme\\default\\img\\ruler.png": "floppyforms/openlayers/theme/default/img/ruler.e920452ca7e7.png", "floppyforms\\openlayers\\theme\\default\\img\\save_features_off.png": "floppyforms/openlayers/theme/default/img/save_features_off.32c5d0396556.png", "floppyforms\\openlayers\\theme\\default\\img\\save_features_on.png": "floppyforms/openlayers/theme/default/img/save_features_on.19ee21c23adb.png", "floppyforms\\openlayers\\theme\\default\\img\\view_next_off.png": "floppyforms/openlayers/theme/default/img/view_next_off.29d08d624a04.png", "floppyforms\\openlayers\\theme\\default\\img\\view_next_on.png": "floppyforms/openlayers/theme/default/img/view_next_on.6ed05ec51aa2.png", "floppyforms\\openlayers\\theme\\default\\img\\view_previous_off.png": "floppyforms/openlayers/theme/default/img/view_previous_off.e43042f7941b.png", "floppyforms\\openlayers\\theme\\default\\img\\view_previous_on.png": "floppyforms/openlayers/theme/default/img/view_previous_on.6be7f9af15e3.png", "floppyforms\\openlayers\\theme\\default\\img\\zoom-panel-NOALPHA.png": "floppyforms/openlayers/theme/default/img/zoom-panel-NOALPHA.56e7770139d9.png", "floppyforms\\openlayers\\theme\\default\\img\\zoom-panel.png": "floppyforms/openlayers/theme/default/img/zoom-panel.7afd114eb450.png", "floppyforms\\openlayers\\theme\\default\\google.css": "floppyforms/openlayers/theme/default/google.eb2b2e4a09b4.css", "floppyforms\\openlayers\\theme\\default\\ie6-style.css": "floppyforms/openlayers/theme/default/ie6-style.97e9508128e3.css", "floppyforms\\openlayers\\theme\\default\\style.css": "floppyforms/openlayers/theme/default/style.d913ca3244cd.css", "floppyforms\\openlayers\\theme\\default\\style.mobile.css": "floppyforms/openlayers/theme/default/style.mobile.fd9cb0567337.css", "floppyforms\\gis\\img\\move_vertex_off.png": "floppyforms/gis/img/move_vertex_off.93ee41d8cad9.png", "floppyforms\\gis\\img\\move_vertex_on.png": "floppyforms/gis/img/move_vertex_on.99be2571b3f6.png", "admin\\img\\gis\\move_vertex_off.png": "admin/img/gis/move_vertex_off.93ee41d8cad9.png", "admin\\img\\gis\\move_vertex_on.png": "admin/img/gis/move_vertex_on.99be2571b3f6.png", "admin\\js\\admin\\DateTimeShortcuts.js": "admin/js/admin/DateTimeShortcuts.140919a6a17e.js", "admin\\js\\admin\\RelatedObjectLookups.js": "admin/js/admin/RelatedObjectLookups.58b2336c1e19.js", "bootstrap\\css\\bootstrap-theme.css": "bootstrap/css/bootstrap-theme.49183396e328.css", "bootstrap\\css\\bootstrap-theme.min.css": "bootstrap/css/bootstrap-theme.min.699d7c3f5881.css", "bootstrap\\css\\bootstrap.css": "bootstrap/css/bootstrap.5603fea2573b.css", "bootstrap\\css\\bootstrap.min.css": "bootstrap/css/bootstrap.min.1e43cf193e72.css", "bootstrap\\fonts\\glyphicons-halflings-regular.eot": "bootstrap/fonts/glyphicons-halflings-regular.aa16cd35628e.eot", "bootstrap\\fonts\\glyphicons-halflings-regular.svg": "bootstrap/fonts/glyphicons-halflings-regular.683eaa4b54a3.svg", "bootstrap\\fonts\\glyphicons-halflings-regular.ttf": "bootstrap/fonts/glyphicons-halflings-regular.47da44498fc0.ttf", "bootstrap\\fonts\\glyphicons-halflings-regular.woff": "bootstrap/fonts/glyphicons-halflings-regular.5eae1f7217b6.woff", "bootstrap\\js\\bootstrap.js": "bootstrap/js/bootstrap.4a78b07eab52.js", "bootstrap\\js\\bootstrap.min.js": "bootstrap/js/bootstrap.min.a4d202d2888c.js", "otree\\css\\table.css": "otree/css/table.7c1dcd283b11.css", "otree\\css\\theme.css": "otree/css/theme.249b78fbf449.css", "otree\\js\\init_widgets.js": "otree/js/init_widgets.c655334239da.js", "otree\\js\\jquery.animate-colors-min.js": "otree/js/jquery.animate-colors-min.fb0eb5d05c0b.js", "otree\\js\\jquery.animate-colors.js": "otree/js/jquery.animate-colors.06edd9739ece.js", "otree\\js\\jquery.color-2.1.2.min.js": "otree/js/jquery.color-2.1.2.min.b85c13cd81b8.js", "otree\\js\\jquery.countdown.min.js": "otree/js/jquery.countdown.min.76a923d3d692.js", "otree\\js\\jquery.min.js": "otree/js/jquery.min.85c28946e922.js", "otree\\js\\jquery.timeago.js": "otree/js/jquery.timeago.28da9e599c5a.js", "otree\\js\\jsondiffpatch.min.js": "otree/js/jsondiffpatch.min.6e0046de8367.js", "otree\\js\\jsondiffpatch.min.map": "otree/js/jsondiffpatch.min.4cb2273e6075.map", "otree\\js\\reconnecting-websocket.js": "otree/js/reconnecting-websocket.7e23ddc97099.js", "otree\\js\\reconnecting-websocket.min.js": "otree/js/reconnecting-websocket.min.f760a2a81ef7.js", "otree\\js\\table-utils2.js": "otree/js/table-utils2.fe6147b6b40a.js", "floppyforms\\js\\MapWidget.js": "floppyforms/js/MapWidget.679a9c02250f.js", "floppyforms\\openlayers\\OpenLayers.js": "floppyforms/openlayers/OpenLayers.0af0b3c24528.js", "admin\\css\\base.css": "admin/css/base.f0d165989b77.css", "admin\\css\\changelists.css": "admin/css/changelists.facd9faec460.css", "admin\\css\\dashboard.css": "admin/css/dashboard.4898e2e9983d.css", "admin\\css\\forms.css": "admin/css/forms.4d10ed9b5ee5.css", "admin\\css\\ie.css": "admin/css/ie.2ca52592ccf6.css", "admin\\css\\login.css": "admin/css/login.9ee3563a2bfe.css", "admin\\css\\rtl.css": "admin/css/rtl.b619957e18c9.css", "admin\\css\\widgets.css": "admin/css/widgets.2753875e2781.css", "admin\\img\\changelist-bg.gif": "admin/img/changelist-bg.eaa563daae2a.gif", "admin\\img\\changelist-bg_rtl.gif": "admin/img/changelist-bg_rtl.db38ab536edc.gif", "admin\\img\\default-bg-reverse.gif": "admin/img/default-bg-reverse.2c9949b0bac0.gif", "admin\\img\\default-bg.gif": "admin/img/default-bg.af816e70c828.gif", "admin\\img\\deleted-overlay.gif": "admin/img/deleted-overlay.1cd28ce73d7d.gif", "admin\\img\\icon-no.gif": "admin/img/icon-no.2888642640a3.gif", "admin\\img\\icon-unknown.gif": "admin/img/icon-unknown.662022bb6ab0.gif", "admin\\img\\icon-yes.gif": "admin/img/icon-yes.0596085e212f.gif", "admin\\img\\icon_addlink.gif": "admin/img/icon_addlink.27872b1581c4.gif", "admin\\img\\icon_alert.gif": "admin/img/icon_alert.572a03fff47e.gif", "admin\\img\\icon_calendar.gif": "admin/img/icon_calendar.b4704fc81e9d.gif", "admin\\img\\icon_changelink.gif": "admin/img/icon_changelink.76183412227f.gif", "admin\\img\\icon_clock.gif": "admin/img/icon_clock.d65ba15015dd.gif", "admin\\img\\icon_deletelink.gif": "admin/img/icon_deletelink.b797f0120322.gif", "admin\\img\\icon_error.gif": "admin/img/icon_error.d0272cd88394.gif", "admin\\img\\icon_searchbox.png": "admin/img/icon_searchbox.46952c2c6973.png", "admin\\img\\icon_success.gif": "admin/img/icon_success.08e6b9d922e1.gif", "admin\\img\\inline-delete-8bit.png": "admin/img/inline-delete-8bit.1c135ffae5f0.png", "admin\\img\\inline-delete.png": "admin/img/inline-delete.4df86317f5c4.png", "admin\\img\\inline-restore-8bit.png": "admin/img/inline-restore-8bit.19cd843fa6f9.png", "admin\\img\\inline-restore.png": "admin/img/inline-restore.a14579a2580f.png", "admin\\img\\inline-splitter-bg.gif": "admin/img/inline-splitter-bg.3d67b08b4771.gif", "admin\\img\\nav-bg-grabber.gif": "admin/img/nav-bg-grabber.45d7c744bbe8.gif", "admin\\img\\nav-bg-reverse.gif": "admin/img/nav-bg-reverse.bd4701ff1aeb.gif", "admin\\img\\nav-bg-selected.gif": "admin/img/nav-bg-selected.4ebddc881b37.gif", "admin\\img\\nav-bg.gif": "admin/img/nav-bg.5dadb8cd9865.gif", "admin\\img\\selector-icons.gif": "admin/img/selector-icons.4549da0d5c7f.gif", "admin\\img\\selector-search.gif": "admin/img/selector-search.a5de786630be.gif", "admin\\img\\sorting-icons.gif": "admin/img/sorting-icons.2a27f8855e6b.gif", "admin\\img\\tooltag-add.png": "admin/img/tooltag-add.2152fd3b4a4d.png", "admin\\img\\tooltag-arrowright.png": "admin/img/tooltag-arrowright.5aa2c86314d7.png", "admin\\js\\actions.js": "admin/js/actions.42b74ac13f07.js", "admin\\js\\actions.min.js": "admin/js/actions.min.2893760b9e40.js", "admin\\js\\calendar.js": "admin/js/calendar.df720acbe7bb.js", "admin\\js\\collapse.js": "admin/js/collapse.c781bafaf192.js", "admin\\js\\collapse.min.js": "admin/js/collapse.min.bf4e82bb444b.js", "admin\\js\\core.js": "admin/js/core.78280057239a.js", "admin\\js\\inlines.js": "admin/js/inlines.ec5c4bfbf84d.js", "admin\\js\\inlines.min.js": "admin/js/inlines.min.e3cd9638369f.js", "admin\\js\\jquery.init.js": "admin/js/jquery.init.575b5609d57c.js", "admin\\js\\jquery.js": "admin/js/jquery.c0b3962f9f23.js", "admin\\js\\jquery.min.js": "admin/js/jquery.min.5790ead7ad3b.js", "admin\\js\\LICENSE-JQUERY.txt": "admin/js/LICENSE-JQUERY.3c2025538601.txt", "admin\\js\\prepopulate.js": "admin/js/prepopulate.cd237b18d36c.js", "admin\\js\\prepopulate.min.js": "admin/js/prepopulate.min.4479f53b704f.js", "admin\\js\\related-widget-wrapper.js": "admin/js/related-widget-wrapper.3641d148e433.js", "admin\\js\\SelectBox.js": "admin/js/SelectBox.df843afcc450.js", "admin\\js\\SelectFilter2.js": "admin/js/SelectFilter2.54a4515a9134.js", "admin\\js\\timeparse.js": "admin/js/timeparse.a298a7ede5c3.js", "admin\\js\\urlify.js": "admin/js/urlify.687bc28c85b7.js", "rest_framework\\css\\bootstrap-tweaks.css": "rest_framework/css/bootstrap-tweaks.1464ccce96f5.css", "rest_framework\\css\\bootstrap.min.css": "rest_framework/css/bootstrap.min.ec3bb52a00e1.css", "rest_framework\\css\\default.css": "rest_framework/css/default.713cbe203060.css", "rest_framework\\css\\prettify.css": "rest_framework/css/prettify.a987f72342ee.css", "rest_framework\\fonts\\glyphicons-halflings-regular.eot": "rest_framework/fonts/glyphicons-halflings-regular.f4769f9bdb74.eot", "rest_framework\\fonts\\glyphicons-halflings-regular.svg": "rest_framework/fonts/glyphicons-halflings-regular.89889688147b.svg", "rest_framework\\fonts\\glyphicons-halflings-regular.ttf": "rest_framework/fonts/glyphicons-halflings-regular.e18bbf611f2a.ttf", "rest_framework\\fonts\\glyphicons-halflings-regular.woff": "rest_framework/fonts/glyphicons-halflings-regular.fa2772327f55.woff", "rest_framework\\fonts\\glyphicons-halflings-regular.woff2": "rest_framework/fonts/glyphicons-halflings-regular.448c34a56d69.woff2", "rest_framework\\img\\glyphicons-halflings-white.png": "rest_framework/img/glyphicons-halflings-white.9bbc6e960299.png", "rest_framework\\img\\glyphicons-halflings.png": "rest_framework/img/glyphicons-halflings.90233c9067e9.png", "rest_framework\\img\\grid.png": "rest_framework/img/grid.a4b938cf382b.png", "rest_framework\\js\\ajax-form.js": "rest_framework/js/ajax-form.8b39b42cbf4e.js", "rest_framework\\js\\bootstrap.min.js": "rest_framework/js/bootstrap.min.5869c96cc8f1.js", "rest_framework\\js\\csrf.js": "rest_framework/js/csrf.753b7a1f2ee7.js", "rest_framework\\js\\default.js": "rest_framework/js/default.b846d7d305c9.js", "rest_framework\\js\\jquery-1.12.4.min.js": "rest_framework/js/jquery-1.12.4.min.4f252523d4af.js", "rest_framework\\js\\prettify-min.js": "rest_framework/js/prettify-min.709bfcc456c6.js", "global\\instructions.css": "global/instructions.04fd971a70fb.css", "global\\matrix.css": "global/matrix.51dcedec5a96.css", "robots.txt": "robots.6c0c0b02c59a.txt"}, "version": "1.0"}